trade_num,open_day_idx,close_day_idx,signal,strength,pred_return_pct,confidence,entry_price,exit_price,shares,gross_pnl,costs,net_pnl,is_win,cash_before,cash_after,portfolio_value_after
1,2,5,BUY,MEDIUM,0.7646,0.6824,346.18,350.1,57,223.44,59.53,163.91,True,80238.14,100163.91,100163.91
2,13,16,BUY,MEDIUM,0.5251,0.6283,345.88,348.14,57,128.82,59.34,69.48,True,80419.18,100233.39,100233.39
3,16,19,BUY,MEDIUM,0.9933,0.7297,348.14,359.23,57,632.13,60.48,571.65,True,80359.64,100805.04,100805.04
4,20,23,BUY,MEDIUM,0.4669,0.6146,361.99,344.95,55,-937.2,58.32,-995.52,False,80865.73,99809.52,99809.52
5,28,31,BUY,MEDIUM,0.4269,0.6051,344.31,353.6,57,529.53,59.67,469.86,True,80154.41,100279.38,100279.38
6,41,44,BUY,STRONG,1.2617,0.7793,353.63,347.16,56,-362.32,58.87,-421.19,False,80446.39,99858.19,99858.19
7,44,47,BUY,MEDIUM,0.5193,0.627,347.16,350.91,57,213.75,59.68,154.07,True,80040.39,100012.25,100012.25
8,50,53,BUY,MEDIUM,0.7643,0.6823,350.4,345.71,56,-262.64,58.47,-321.11,False,80360.42,99691.14,99691.14
9,53,56,BUY,MEDIUM,0.779,0.6855,345.71,339.23,57,-369.36,58.56,-427.92,False,79956.11,99263.22,99263.22
10,56,59,BUY,MEDIUM,0.4613,0.6133,339.23,347.18,58,461.1,59.72,401.38,True,79558.37,99664.6,99664.6
11,66,69,BUY,MEDIUM,0.494,0.621,381.61,376.08,52,-287.56,59.1,-346.66,False,79791.12,99317.94,99317.94
12,71,74,BUY,STRONG,1.4524,0.8104,376.79,379.08,52,119.08,58.96,60.12,True,79695.47,99378.06,99378.06
13,77,80,BUY,MEDIUM,0.8811,0.7071,381.31,385.59,52,222.56,59.82,162.74,True,79520.2,99540.8,99540.8
14,89,92,BUY,STRONG,1.0357,0.738,388.38,379.31,51,-462.57,58.73,-521.3,False,79703.71,99019.51,99019.51
15,95,98,BUY,MEDIUM,0.7709,0.6837,376.73,371.46,52,-274.04,58.36,-332.4,False,79400.16,98687.11,98687.11
16,103,106,BUY,MEDIUM,0.6744,0.6625,385.21,385.33,51,6.12,58.95,-52.83,False,79011.93,98634.28,98634.28
17,110,113,BUY,MEDIUM,0.4452,0.6095,371.37,380.46,53,481.77,59.77,422.0,True,78922.15,99056.28,99056.28
18,113,116,BUY,MEDIUM,0.505,0.6236,380.46,383.05,51,132.09,58.41,73.68,True,79623.72,99129.96,99129.96
19,116,119,BUY,STRONG,1.3027,0.7863,383.05,381.38,51,-85.17,58.48,-143.65,False,79565.11,98986.31,98986.31
20,121,124,BUY,MEDIUM,0.7058,0.6695,387.31,397.33,51,511.02,60.02,451.0,True,79203.87,99437.31,99437.31
21,127,130,BUY,MEDIUM,0.8838,0.7076,393.03,400.43,50,370.0,59.51,310.49,True,79756.33,99747.8,99747.8
22,130,133,BUY,STRONG,1.382,0.7993,400.43,416.16,49,770.77,60.02,710.75,True,80097.3,100458.55,100458.55
23,134,137,BUY,MEDIUM,0.7968,0.6893,416.56,422.12,48,266.88,60.38,206.5,True,80433.68,100665.04,100665.04
24,144,147,BUY,MEDIUM,0.7321,0.6753,432.45,424.47,46,-367.08,59.13,-426.21,False,80742.51,100238.84,100238.84
25,147,150,BUY,STRONG,1.0783,0.7462,424.47,400.65,47,-1119.54,58.17,-1177.71,False,80258.82,99061.13,99061.13
26,191,194,BUY,STRONG,1.1493,0.7594,378.77,367.64,52,-578.76,58.22,-636.98,False,79335.54,98424.15,98424.15
27,195,198,BUY,STRONG,1.0223,0.7354,365.29,375.35,53,533.18,58.88,474.3,True,79034.74,98898.45,98898.45
28,199,202,BUY,MEDIUM,0.8935,0.7096,395.38,396.37,49,48.51,58.19,-9.68,False,79495.77,98888.76,98888.76
29,204,207,BUY,MEDIUM,0.6374,0.6542,402.27,409.4,49,349.37,59.66,289.71,True,79147.96,99178.47,99178.47
30,207,210,BUY,STRONG,1.1485,0.7592,409.4,405.2,48,-201.6,58.65,-260.25,False,79497.8,98918.22,98918.22
31,211,214,BUY,MEDIUM,0.767,0.6829,413.28,360.92,47,-2460.92,54.58,-2515.5,False,79464.93,96402.72,96402.72
32,224,227,BUY,MEDIUM,0.9842,0.7279,358.72,363.57,53,257.05,57.42,199.63,True,77362.04,96602.35,96602.35
33,227,230,BUY,STRONG,1.6312,0.8363,363.57,360.16,53,-180.73,57.54,-238.27,False,77304.24,96364.08,96364.08
34,231,234,BUY,MEDIUM,0.4801,0.6178,359.8,355.31,53,-237.97,56.85,-294.82,False,77266.08,96069.26,96069.26
35,247,250,BUY,MEDIUM,0.5203,0.6272,354.74,357.69,54,159.3,57.71,101.59,True,76884.57,96170.86,96170.86
36,250,253,BUY,MEDIUM,0.5652,0.6376,357.69,359.04,53,71.55,56.98,14.57,True,77184.85,96185.43,96185.43
37,262,265,BUY,MEDIUM,0.8517,0.7009,358.88,363.81,53,261.29,57.45,203.84,True,77136.25,96389.26,96389.26
38,283,286,BUY,MEDIUM,0.7365,0.6762,350.23,346.99,54,-174.96,56.47,-231.43,False,77448.47,96157.83,96157.83
39,289,292,BUY,MEDIUM,0.7052,0.6693,341.58,308.81,56,-1835.12,54.63,-1889.75,False,77000.65,94268.07,94268.07
40,303,306,BUY,STRONG,1.4664,0.8125,281.37,287.03,66,373.56,56.27,317.29,True,75669.8,94585.36,94585.36
41,306,309,BUY,MEDIUM,0.4571,0.6123,287.03,283.14,65,-252.85,55.59,-308.44,False,75900.43,94276.92,94276.92
42,309,312,BUY,MEDIUM,0.5505,0.6342,283.14,292.31,66,605.22,56.97,548.25,True,75561.65,94825.17,94825.17
43,312,315,BUY,MEDIUM,0.6358,0.6538,292.31,277.76,64,-931.2,54.73,-985.93,False,76089.27,93839.24,93839.24
44,321,324,BUY,MEDIUM,0.685,0.6649,304.46,294.38,61,-614.88,54.79,-669.67,False,75239.33,93169.57,93169.57
45,325,328,BUY,STRONG,1.4992,0.8175,305.52,316.63,60,666.6,55.99,610.61,True,74810.87,93780.18,93780.18
46,333,336,BUY,MEDIUM,0.9933,0.7297,323.75,337.09,57,760.38,56.5,703.88,True,75298.75,94484.06,94484.06
47,336,339,BUY,STRONG,1.1226,0.7545,337.09,337.7,55,33.55,55.67,-22.12,False,75916.3,94461.93,94461.93
48,342,345,BUY,MEDIUM,0.6474,0.6564,340.33,357.33,55,935.0,57.56,877.44,True,75715.71,95339.38,95339.38
49,348,351,BUY,MEDIUM,0.4797,0.6177,354.3,355.26,53,50.88,56.41,-5.53,False,76533.31,95333.85,95333.85
50,351,354,BUY,STRONG,1.4435,0.809,355.26,351.1,53,-220.48,56.16,-276.64,False,76476.82,95057.21,95057.21
51,355,358,BUY,MEDIUM,0.7613,0.6816,349.79,342.6,54,-388.26,56.08,-444.34,False,76140.22,94612.87,94612.87
52,363,366,BUY,STRONG,1.0918,0.7487,324.96,325.86,58,52.2,56.62,-4.42,False,75736.92,94608.45,94608.45
53,378,381,BUY,STRONG,1.53,0.822,334.55,340.11,56,311.36,56.67,254.69,True,75845.55,94863.14,94863.14
54,381,384,BUY,MEDIUM,0.6914,0.6663,340.11,344.93,55,265.1,56.52,208.58,True,76129.03,95071.72,95071.72
55,385,388,BUY,MEDIUM,0.7065,0.6696,347.75,351.12,54,181.98,56.61,125.37,True,76265.05,95197.09,95197.09
56,394,397,BUY,STRONG,1.0549,0.7417,357.95,323.03,53,-1850.76,54.14,-1904.9,False,76197.28,93292.19,93292.19
57,398,401,BUY,MEDIUM,0.4487,0.6103,330.02,324.34,56,-318.08,54.97,-373.05,False,74783.35,92919.15,92919.15
58,414,417,BUY,STRONG,1.27,0.7807,346.15,348.55,53,127.2,55.23,71.97,True,74545.68,92991.12,92991.12
59,431,434,BUY,MEDIUM,0.431,0.6061,351.23,356.92,52,295.88,55.24,240.64,True,74699.76,93231.76,93231.76
60,446,449,BUY,MEDIUM,0.4306,0.606,359.49,358.29,51,-61.2,54.91,-116.11,False,74870.27,93115.65,93115.65
61,453,456,BUY,MEDIUM,0.8962,0.7102,352.85,343.83,52,-469.04,54.34,-523.38,False,74739.93,92592.27,92592.27
62,461,464,BUY,MEDIUM,0.6793,0.6636,300.68,293.7,61,-425.78,54.39,-480.17,False,74223.28,92112.11,92112.11
63,469,472,BUY,MEDIUM,0.5591,0.6363,309.0,304.7,59,-253.7,54.31,-308.01,False,73853.76,91804.09,91804.09
64,475,478,BUY,MEDIUM,0.6107,0.6481,293.03,301.9,62,549.94,55.33,494.61,True,73608.98,92298.71,92298.71
65,478,481,BUY,MEDIUM,0.429,0.6056,301.9,297.86,61,-246.44,54.88,-301.32,False,73855.18,91997.39,91997.39
66,490,493,BUY,MEDIUM,0.478,0.6173,303.67,298.61,60,-303.6,54.21,-357.81,False,73749.86,91639.58,91639.58
67,503,506,BUY,MEDIUM,0.5669,0.6381,309.63,309.31,59,-18.88,54.78,-73.66,False,73344.01,91565.93,91565.93
68,506,509,BUY,STRONG,1.2673,0.7803,309.31,308.51,59,-47.2,54.68,-101.88,False,73289.26,91464.05,91464.05
69,521,524,BUY,MEDIUM,0.7173,0.672,278.73,272.37,65,-413.4,53.73,-467.13,False,73319.42,90996.92,90996.92
70,524,527,BUY,MEDIUM,0.4584,0.6126,272.37,273.64,66,83.82,54.05,29.77,True,72993.53,91026.68,91026.68
71,527,530,BUY,MEDIUM,0.6346,0.6535,273.64,265.48,66,-538.56,53.37,-591.93,False,72939.35,90434.75,90434.75
72,533,536,BUY,MEDIUM,0.8229,0.6948,278.37,276.06,64,-147.84,53.23,-201.07,False,72592.35,90233.68,90233.68
73,536,539,BUY,MEDIUM,0.6029,0.6463,276.06,285.45,65,610.35,54.75,555.6,True,72262.87,90789.29,90789.29
74,544,547,BUY,MEDIUM,0.82,0.6942,289.43,304.2,62,915.74,55.21,860.53,True,72817.71,91649.82,91649.82
75,547,550,BUY,MEDIUM,0.6617,0.6596,304.2,301.49,60,-162.6,54.51,-217.11,False,73370.44,91432.71,91432.71
76,562,565,BUY,MEDIUM,0.7639,0.6822,317.46,320.56,57,176.7,54.55,122.15,True,73310.34,91554.86,91554.86
77,565,568,BUY,MEDIUM,0.9112,0.7132,320.56,324.17,57,205.77,55.12,150.65,True,73255.53,91705.5,91705.5
78,569,572,BUY,MEDIUM,0.7546,0.6802,325.02,318.67,56,-355.6,54.07,-409.67,False,73477.08,91295.83,91295.83
79,581,584,BUY,MEDIUM,0.6231,0.6509,316.65,294.46,57,-1264.83,52.25,-1317.08,False,73219.71,89978.75,89978.75
80,584,587,BUY,MEDIUM,0.5351,0.6307,294.46,297.92,61,211.06,54.2,156.86,True,71989.75,90135.61,90135.61
81,590,593,BUY,MEDIUM,0.6857,0.665,293.1,294.8,61,103.7,53.79,49.91,True,72229.69,90185.52,90185.52
82,593,596,BUY,MEDIUM,0.7723,0.684,294.8,298.51,61,226.31,54.29,172.02,True,72175.74,90357.54,90357.54
83,608,611,BUY,MEDIUM,0.5622,0.637,293.73,302.18,61,515.45,54.53,460.92,True,72413.13,90818.46,90818.46
84,611,614,BUY,STRONG,1.1881,0.7664,302.18,304.61,60,145.8,54.61,91.19,True,72660.47,90909.65,90909.65
85,615,618,BUY,MEDIUM,0.5707,0.6389,304.9,292.29,59,-743.99,52.85,-796.84,False,72893.57,90112.81,90112.81
86,619,622,BUY,MEDIUM,0.475,0.6166,290.15,287.23,62,-181.04,53.7,-234.74,False,72096.53,89878.07,89878.07
87,624,627,BUY,STRONG,1.0495,0.7407,284.85,287.02,63,136.71,54.04,82.67,True,71905.61,89960.74,89960.74
88,629,632,BUY,MEDIUM,0.6988,0.6679,287.11,285.97,62,-70.68,53.3,-123.98,False,72133.22,89836.77,89836.77
89,635,638,BUY,STRONG,1.1071,0.7516,288.61,293.7,62,315.58,54.15,261.43,True,71916.1,90098.19,90098.19
90,638,641,BUY,MEDIUM,0.9523,0.7216,293.7,291.38,61,-141.52,53.53,-195.05,False,72155.62,89903.14,89903.14
91,648,651,BUY,STRONG,1.2198,0.772,348.51,348.7,51,9.69,53.34,-43.65,False,72102.46,89859.49,89859.49
92,653,656,BUY,MEDIUM,0.4294,0.6057,351.83,348.83,51,-153.0,53.6,-206.6,False,71889.24,89652.89,89652.89
93,656,659,BUY,STRONG,1.0,0.7311,348.83,345.95,51,-146.88,53.15,-200.03,False,71835.87,89452.86,89452.86
94,663,666,BUY,STRONG,2.1389,0.8946,348.68,348.7,51,1.02,53.35,-52.33,False,71643.5,89400.53,89400.53
95,666,669,BUY,STRONG,1.4217,0.8056,348.7,347.51,51,-60.69,53.26,-113.95,False,71590.15,89286.58,89286.58
96,669,672,BUY,MEDIUM,0.4948,0.6212,347.51,350.98,51,176.97,53.43,123.54,True,71536.98,89410.11,89410.11
97,675,678,BUY,MEDIUM,0.4735,0.6162,369.98,364.23,48,-276.0,52.86,-328.86,False,71624.44,89081.25,89081.25
98,691,694,BUY,STRONG,1.1379,0.7573,358.21,356.6,49,-78.89,52.54,-131.43,False,71502.63,88949.82,88949.82
99,704,707,BUY,MEDIUM,0.406,0.6001,351.96,292.38,50,-2979.0,48.33,-3027.33,False,71325.43,85922.5,85922.5
100,707,710,BUY,MEDIUM,0.6272,0.6518,292.38,286.96,58,-314.36,50.4,-364.76,False,68939.02,85557.73,85557.73
101,718,721,BUY,STRONG,1.1965,0.7679,288.5,293.83,59,314.47,51.54,262.93,True,68510.7,85820.67,85820.67
102,723,726,BUY,MEDIUM,0.6858,0.665,296.45,295.06,57,-79.23,50.57,-129.8,False,68897.67,85690.86,85690.86
103,726,729,BUY,MEDIUM,0.856,0.7018,295.06,296.51,57,82.65,50.58,32.07,True,68847.22,85722.93,85722.93
104,731,734,BUY,MEDIUM,0.9165,0.7143,298.17,296.59,57,-90.06,50.85,-140.91,False,68701.75,85582.02,85582.02
105,735,738,BUY,STRONG,1.7914,0.8571,295.78,301.46,57,323.76,51.06,272.7,True,68697.27,85854.72,85854.72
106,739,742,BUY,MEDIUM,0.5679,0.6383,314.26,303.71,54,-569.7,50.06,-619.76,False,68859.22,85234.96,85234.96
107,742,745,BUY,MEDIUM,0.7696,0.6834,303.71,309.44,56,320.88,51.5,269.38,True,68201.69,85504.34,85504.34
108,747,750,BUY,STRONG,1.567,0.8274,297.49,305.82,57,474.81,51.58,423.23,True,68521.97,85927.57,85927.57
109,750,753,BUY,MEDIUM,0.4788,0.6175,305.82,302.35,56,-194.32,51.09,-245.41,False,68775.96,85682.16,85682.16
110,753,756,BUY,MEDIUM,0.7119,0.6708,302.35,299.93,56,-135.52,50.59,-186.11,False,68725.16,85496.05,85496.05
111,762,765,BUY,MEDIUM,0.5192,0.627,308.5,312.28,55,207.9,51.21,156.69,True,68503.1,85652.73,85652.73
112,765,768,BUY,MEDIUM,0.498,0.622,312.28,350.53,54,2065.5,53.69,2011.81,True,68764.32,87664.55,87664.55
113,771,774,BUY,MEDIUM,0.8476,0.7001,343.86,359.6,50,787.0,52.76,734.24,True,70445.76,88398.79,88398.79
114,777,780,BUY,STRONG,1.2814,0.7827,364.42,369.46,48,241.92,52.84,189.08,True,70880.39,88587.87,88587.87
115,783,786,BUY,MEDIUM,0.5392,0.6316,376.1,370.42,47,-266.96,52.63,-319.59,False,70884.65,88268.28,88268.28
116,786,789,BUY,STRONG,2.1011,0.891,370.42,385.45,47,706.41,53.29,653.12,True,70832.42,88921.4,88921.4
117,789,792,BUY,STRONG,1.3904,0.8007,385.45,375.63,46,-451.72,52.51,-504.23,False,71164.1,88417.16,88417.16
118,792,795,BUY,MEDIUM,0.9009,0.7111,375.63,377.53,47,89.3,53.1,36.2,True,70736.07,88453.37,88453.37
119,795,798,BUY,MEDIUM,0.6239,0.6511,377.53,382.01,46,206.08,52.41,153.67,True,71060.94,88607.04,88607.04
120,799,802,BUY,STRONG,1.0192,0.7348,389.53,385.74,45,-170.55,52.33,-222.88,False,71051.89,88384.16,88384.16
121,802,805,BUY,MEDIUM,0.9331,0.7177,385.74,375.6,45,-456.3,51.39,-507.69,False,70999.82,87876.47,87876.47
122,806,809,BUY,MEDIUM,0.4115,0.6014,378.63,383.23,46,211.6,52.57,159.03,True,70433.36,88035.5,88035.5
123,814,817,BUY,MEDIUM,0.4442,0.6093,377.38,376.89,46,-22.54,52.04,-74.58,False,70649.98,87960.91,87960.91
124,820,823,BUY,MEDIUM,0.4457,0.6096,375.83,379.65,46,175.72,52.13,123.59,True,70646.8,88084.51,88084.51
125,823,826,BUY,MEDIUM,0.8775,0.7063,379.65,379.27,46,-17.48,52.37,-69.85,False,70594.41,88014.66,88014.66
126,826,829,BUY,STRONG,1.7982,0.8579,379.27,409.31,46,1381.84,54.41,1327.43,True,70542.07,89342.09,89342.09
127,829,832,BUY,MEDIUM,0.5679,0.6383,409.31,408.56,43,-32.25,52.75,-85.0,False,71715.36,89257.09,89257.09
128,833,836,BUY,MEDIUM,0.9709,0.7253,414.32,415.6,43,55.04,53.53,1.51,True,71414.6,89258.6,89258.6
129,841,844,BUY,MEDIUM,0.7677,0.683,415.49,408.23,42,-304.92,51.89,-356.81,False,71781.84,88901.78,88901.78
130,844,847,BUY,STRONG,1.878,0.8674,408.23,420.01,43,506.54,53.42,453.12,True,71321.56,89354.9,89354.9
131,851,854,BUY,MEDIUM,0.8728,0.7053,419.28,425.28,42,252.0,53.21,198.79,True,71718.72,89553.69,89553.69
132,858,861,BUY,MEDIUM,0.9621,0.7236,414.53,419.32,43,205.97,53.78,152.19,True,71702.17,89705.88,89705.88
133,861,864,BUY,STRONG,1.2452,0.7765,419.32,420.67,42,56.7,52.92,3.78,True,72068.02,89709.66,89709.66
134,864,867,BUY,MEDIUM,0.5682,0.6384,420.67,417.35,42,-139.44,52.8,-192.24,False,72015.02,89517.42,89517.42
135,869,872,BUY,MEDIUM,0.4713,0.6157,421.8,431.53,42,408.66,53.76,354.9,True,71775.25,89872.32,89872.32
136,879,882,BUY,MEDIUM,0.5669,0.6381,440.08,435.71,40,-174.8,52.55,-227.35,False,72242.72,89644.98,89644.98
137,882,885,BUY,MEDIUM,0.4705,0.6155,435.71,445.65,41,407.54,54.2,353.34,True,71754.07,89998.31,89998.31
138,888,891,BUY,MEDIUM,0.5538,0.635,428.51,458.13,41,1214.42,54.53,1159.89,True,72403.05,91158.21,91158.21
139,891,894,BUY,MEDIUM,0.5535,0.6349,458.13,465.63,39,292.5,54.04,238.46,True,73264.33,91396.67,91396.67
140,896,899,BUY,MEDIUM,0.6781,0.6633,468.67,474.06,38,204.82,53.74,151.08,True,73560.49,91547.75,91547.75
141,901,904,BUY,MEDIUM,0.7866,0.6871,466.53,463.03,39,-136.5,54.38,-190.88,False,73325.79,91356.87,91356.87
142,923,926,BUY,MEDIUM,0.5604,0.6365,475.94,474.95,38,-37.62,54.2,-91.82,False,73244.02,91265.05,91265.05
143,926,929,BUY,MEDIUM,0.5024,0.623,474.95,467.54,38,-281.58,53.72,-335.3,False,73189.88,90929.75,90929.75
144,933,936,BUY,STRONG,1.0291,0.7367,419.7,408.97,43,-461.39,53.45,-514.84,False,72855.58,90414.91,90414.91
145,948,951,BUY,MEDIUM,0.4256,0.6048,414.51,400.15,43,-617.48,52.55,-670.03,False,72564.24,89744.88,89744.88
146,954,957,BUY,MEDIUM,0.5681,0.6383,394.67,393.83,45,-37.8,53.22,-91.02,False,71958.09,89653.86,89653.86
147,965,968,BUY,STRONG,1.3637,0.7964,395.65,388.93,45,-302.4,52.96,-355.36,False,71822.9,89298.5,89298.5
148,969,972,BUY,MEDIUM,0.96,0.7231,396.89,409.06,44,535.48,53.19,482.29,True,71809.15,89780.79,89780.79
149,973,976,BUY,MEDIUM,0.9884,0.7288,397.2,394.64,45,-115.2,53.45,-168.65,False,71879.98,89612.14,89612.14
150,976,979,BUY,STRONG,1.5145,0.8197,394.64,386.86,45,-350.1,52.75,-402.85,False,71826.7,89209.29,89209.29
151,982,985,BUY,MEDIUM,0.4763,0.6169,365.56,377.15,48,556.32,53.48,502.84,True,71636.09,89712.13,89712.13
152,992,995,BUY,MEDIUM,0.6111,0.6482,396.88,405.86,45,404.1,54.18,349.92,True,71825.74,90062.05,90062.05
153,998,1001,BUY,MEDIUM,0.7497,0.6791,414.58,401.41,43,-566.31,52.63,-618.94,False,72208.37,89443.11,89443.11
154,1001,1004,BUY,STRONG,1.2239,0.7728,401.41,406.95,44,243.76,53.35,190.41,True,71754.57,89633.51,89633.51
155,1004,1007,BUY,MEDIUM,0.8782,0.7064,406.95,401.34,43,-241.23,52.13,-293.36,False,72108.42,89340.15,89340.15
156,1007,1010,BUY,MEDIUM,0.7321,0.6753,401.34,417.77,44,722.92,54.06,668.86,True,71654.7,90009.01,90009.01
157,1014,1017,BUY,STRONG,2.1098,0.8919,403.16,404.92,44,77.44,53.33,24.11,True,72243.36,90033.11,90033.11
158,1017,1020,BUY,MEDIUM,0.7877,0.6873,404.92,404.21,44,-31.24,53.4,-84.64,False,72189.91,89948.47,89948.47
159,1021,1024,BUY,STRONG,1.2565,0.7784,418.68,421.39,42,113.82,52.92,60.9,True,72337.53,90009.37,90009.37
160,1025,1028,BUY,MEDIUM,0.8447,0.6995,421.53,433.2,42,490.14,53.85,436.29,True,72278.55,90445.66,90445.66
161,1039,1042,BUY,MEDIUM,0.4192,0.6033,444.32,453.48,40,366.4,53.87,312.53,True,72646.2,90758.19,90758.19
162,1049,1052,BUY,MEDIUM,0.6217,0.6506,463.6,467.01,39,132.99,54.44,78.55,True,72650.67,90836.74,90836.74
163,1056,1059,BUY,MEDIUM,0.7316,0.6752,455.17,462.13,39,271.44,53.66,217.78,True,73058.48,91054.52,91054.52
164,1062,1065,BUY,MEDIUM,0.5244,0.6282,450.89,460.02,40,365.2,54.65,310.55,True,72991.87,91365.06,91365.06
165,1065,1068,BUY,MEDIUM,0.5004,0.6226,460.02,480.92,39,815.1,55.04,760.06,True,73397.37,92125.12,92125.12
166,1071,1074,BUY,STRONG,1.0448,0.7398,455.85,489.79,40,1357.6,56.74,1300.86,True,73863.77,93425.98,93425.98
167,1079,1082,BUY,STRONG,2.0903,0.89,474.51,473.53,39,-38.22,55.46,-93.68,False,74892.33,93332.3,93332.3
168,1082,1085,BUY,STRONG,1.1273,0.7553,473.53,506.41,39,1282.32,57.33,1224.99,True,74836.93,94557.29,94557.29
169,1093,1096,BUY,MEDIUM,0.7465,0.6784,523.96,521.67,36,-82.44,56.46,-138.9,False,75666.44,94418.39,94418.39
170,1100,1103,BUY,MEDIUM,0.5052,0.6237,537.9,544.98,35,247.8,56.85,190.95,True,75563.65,94609.34,94609.34
171,1103,1106,BUY,MEDIUM,0.6701,0.6615,544.98,530.88,34,-479.4,54.87,-534.27,False,76052.22,94075.07,94075.07
172,1106,1109,BUY,MEDIUM,0.7384,0.6766,530.88,492.54,35,-1341.9,53.73,-1395.63,False,75466.4,92679.44,92679.44
173,1109,1112,BUY,MEDIUM,0.8797,0.7068,492.54,480.26,37,-454.36,53.99,-508.35,False,74428.12,92171.09,92171.09
174,1128,1131,BUY,MEDIUM,0.466,0.6144,498.98,493.37,36,-201.96,53.59,-255.55,False,74180.86,91915.54,91915.54
175,1135,1138,BUY,STRONG,1.1922,0.7671,532.17,525.63,34,-222.36,53.95,-276.31,False,73794.62,91639.24,91639.24
176,1139,1142,BUY,MEDIUM,0.4179,0.603,531.05,553.77,34,772.48,55.33,717.15,True,73556.45,92356.39,92356.39
177,1147,1150,BUY,MEDIUM,0.5879,0.6429,534.22,548.45,34,483.82,55.22,428.6,True,74165.66,92784.99,92784.99
178,1150,1153,BUY,MEDIUM,0.7298,0.6748,548.45,569.58,33,697.29,55.34,641.95,True,74658.99,93426.94,93426.94
179,1161,1164,BUY,MEDIUM,0.6515,0.6573,566.4,564.53,32,-59.84,54.28,-114.12,False,75274.95,93312.82,93312.82
180,1172,1175,BUY,MEDIUM,0.6038,0.6465,545.55,566.67,34,718.08,56.72,661.36,True,74736.29,93974.17,93974.17
181,1178,1181,BUY,MEDIUM,0.4958,0.6215,557.61,552.86,33,-156.75,54.97,-211.72,False,75545.44,93762.45,93762.45
182,1183,1186,BUY,MEDIUM,0.5912,0.6436,536.59,554.59,34,612.0,55.65,556.35,True,75491.03,94318.8,94318.8
183,1190,1193,BUY,MEDIUM,0.7057,0.6695,550.14,559.7,34,325.04,56.6,268.44,True,75585.99,94587.24,94587.24
184,1193,1196,BUY,STRONG,2.666,0.935,559.7,544.82,33,-491.04,54.67,-545.71,False,76089.44,94041.53,94041.53
185,1203,1206,BUY,MEDIUM,0.6193,0.6501,490.23,498.28,38,305.9,56.35,249.55,True,75384.85,94291.08,94291.08
186,1206,1209,BUY,MEDIUM,0.4394,0.6081,498.28,486.0,37,-454.36,54.63,-508.99,False,75827.07,93782.1,93782.1
187,1211,1214,BUY,MEDIUM,0.7603,0.6814,498.42,483.7,37,-544.64,54.51,-599.15,False,75312.89,93182.95,93182.95
188,1216,1219,BUY,MEDIUM,0.5023,0.623,498.27,512.11,37,512.08,56.08,456.0,True,74719.3,93638.95,93638.95
189,1223,1226,BUY,MEDIUM,0.9279,0.7167,492.13,511.95,37,733.34,55.73,677.61,True,75402.83,94316.57,94316.57
190,1229,1232,BUY,MEDIUM,0.6357,0.6538,507.02,498.03,37,-332.63,55.78,-388.41,False,75528.69,93928.16,93928.16
191,1234,1237,BUY,STRONG,2.0302,0.8839,499.42,499.68,37,9.62,55.45,-45.83,False,75421.9,93882.33,93882.33
192,1237,1240,BUY,STRONG,3.14,0.9585,499.68,497.68,37,-74.0,55.35,-129.35,False,75366.43,93752.97,93752.97
193,1240,1243,BUY,MEDIUM,0.884,0.7076,497.68,497.55,37,-4.81,55.24,-60.05,False,75311.19,93692.93,93692.93
194,1247,1250,BUY,MEDIUM,0.5693,0.6386,492.18,495.15,38,112.86,56.28,56.58,True,74962.03,93749.51,93749.51
195,1253,1256,BUY,MEDIUM,0.5564,0.6356,478.75,475.08,39,-143.13,55.8,-198.93,False,75050.25,93550.58,93550.58
196,1257,1260,BUY,MEDIUM,0.7883,0.6875,485.63,500.93,38,581.4,56.23,525.17,True,75068.96,94075.75,94075.75
197,1267,1270,BUY,MEDIUM,0.7961,0.6891,531.42,538.53,35,248.85,56.17,192.68,True,75448.15,94268.42,94268.42
198,1273,1276,BUY,MEDIUM,0.5146,0.6259,543.17,543.0,34,-5.78,55.39,-61.17,False,75772.94,94207.25,94207.25
199,1276,1279,BUY,MEDIUM,0.5473,0.6335,543.0,579.0,34,1224.0,57.22,1166.78,True,75717.56,95374.03,95374.03
200,1286,1289,BUY,MEDIUM,0.7826,0.6862,546.03,541.4,34,-157.42,55.46,-212.88,False,76781.16,95161.15,95161.15
201,1297,1300,BUY,STRONG,1.0513,0.741,529.4,545.38,35,559.3,56.43,502.87,True,76604.35,95664.02,95664.02
202,1303,1306,BUY,STRONG,1.1643,0.7621,550.83,553.73,34,98.6,56.33,42.27,True,76907.71,95706.29,95706.29
203,1307,1310,BUY,MEDIUM,0.7468,0.6785,558.13,560.92,34,94.86,57.07,37.79,True,76701.4,95744.08,95744.08
204,1310,1313,BUY,STRONG,1.0738,0.7453,560.92,590.88,34,1018.64,58.74,959.9,True,76644.19,96703.98,96703.98
205,1314,1317,BUY,MEDIUM,0.5557,0.6355,577.3,583.7,33,211.2,57.47,153.73,True,77624.5,96857.71,96857.71
206,1317,1320,BUY,MEDIUM,0.8902,0.7089,583.7,548.8,33,-1151.7,56.06,-1207.76,False,77566.71,95649.95,95649.95
207,1323,1326,BUY,STRONG,1.1017,0.7506,555.98,574.95,34,644.98,57.68,587.3,True,76718.27,96237.25,96237.25
208,1326,1329,BUY,MEDIUM,0.6167,0.6495,574.95,576.6,33,54.45,57.0,-2.55,False,77235.44,96234.7,96234.7
209,1333,1336,BUY,MEDIUM,0.859,0.7024,572.75,569.15,33,-118.8,56.52,-175.32,False,77305.6,96059.37,96059.37
210,1341,1344,BUY,STRONG,1.0851,0.7475,540.1,523.9,35,-567.0,55.86,-622.86,False,77127.52,95436.51,95436.51
211,1346,1349,BUY,STRONG,1.0097,0.733,526.85,533.17,36,227.52,57.24,170.28,True,76441.46,95606.79,95606.79
212,1352,1355,BUY,MEDIUM,0.6524,0.6576,530.35,523.13,36,-259.92,56.89,-316.81,False,76485.55,95289.99,95289.99
213,1373,1376,BUY,MEDIUM,0.5573,0.6358,552.7,537.03,34,-532.78,55.58,-588.36,False,76470.0,94701.63,94701.63
214,1384,1387,BUY,STRONG,1.2363,0.7749,569.95,560.63,33,-307.56,55.96,-363.52,False,75865.07,94338.11,94338.11
215,1406,1409,BUY,STRONG,1.0833,0.7471,548.93,563.33,34,489.6,56.73,432.87,True,75646.49,94770.98,94770.98
216,1419,1422,BUY,MEDIUM,0.5269,0.6288,581.73,571.5,32,-327.36,55.36,-382.72,False,76127.7,94388.27,94388.27
217,1423,1426,BUY,MEDIUM,0.5571,0.6358,570.6,580.88,33,339.24,57.0,282.24,True,75530.22,94670.51,94670.51
218,1427,1430,BUY,MEDIUM,0.5503,0.6342,596.7,603.9,31,223.2,55.83,167.37,True,76145.06,94837.88,94837.88
219,1430,1433,BUY,MEDIUM,0.6759,0.6628,603.9,602.98,31,-28.52,56.12,-84.64,False,76088.9,94753.24,94753.24
220,1433,1436,BUY,MEDIUM,0.5358,0.6308,602.98,621.85,31,584.97,56.95,528.02,True,76032.82,95281.25,95281.25
221,1444,1447,BUY,MEDIUM,0.7643,0.6823,619.35,605.63,30,-411.6,55.12,-466.72,False,76672.88,94814.53,94814.53
222,1447,1450,BUY,MEDIUM,0.6115,0.6483,605.63,620.08,31,447.95,57.0,390.95,True,76011.84,95205.49,95205.49
223,1450,1453,BUY,MEDIUM,0.8729,0.7053,620.08,600.53,30,-586.5,54.93,-641.43,False,76575.18,94564.06,94564.06
224,1454,1457,BUY,MEDIUM,0.9837,0.7278,588.9,590.75,32,59.2,56.62,2.58,True,75690.99,94566.63,94566.63
225,1459,1462,BUY,MEDIUM,0.4215,0.6038,606.4,603.63,31,-85.87,56.27,-142.14,False,75740.04,94424.5,94424.5
226,1469,1472,BUY,MEDIUM,0.4094,0.6009,593.88,623.75,31,925.97,56.62,869.35,True,75986.6,95293.85,95293.85
227,1473,1476,BUY,STRONG,1.0767,0.7459,633.8,630.78,30,-90.6,56.91,-147.51,False,76251.33,95146.34,95146.34
228,1480,1483,BUY,MEDIUM,0.424,0.6044,619.05,590.45,30,-858.0,54.43,-912.43,False,76546.99,94233.91,94233.91
229,1487,1490,BUY,MEDIUM,0.5319,0.6299,589.75,599.75,31,310.0,55.31,254.69,True,75924.24,94488.6,94488.6
230,1490,1493,BUY,MEDIUM,0.5358,0.6308,599.75,583.1,31,-516.15,55.0,-571.15,False,75868.46,93917.45,93917.45
231,1493,1496,BUY,MEDIUM,0.4475,0.61,583.1,585.4,32,73.6,56.09,17.51,True,75230.26,93934.96,93934.96
232,1496,1499,BUY,MEDIUM,0.7703,0.6836,585.4,587.73,32,74.56,56.31,18.25,True,75174.06,93953.21,93953.21
233,1507,1510,BUY,MEDIUM,0.6169,0.6495,540.98,539.95,34,-35.02,55.13,-90.15,False,75532.3,93863.06,93863.06
234,1525,1528,BUY,MEDIUM,0.6309,0.6527,538.68,516.65,34,-749.02,53.82,-802.84,False,75520.47,93060.22,93060.22
235,1529,1532,BUY,MEDIUM,0.6595,0.6592,511.7,519.83,36,292.68,55.7,236.98,True,74611.39,93297.2,93297.2
236,1545,1548,BUY,MEDIUM,0.7907,0.688,527.0,530.08,35,107.8,55.5,52.3,True,74824.53,93349.5,93349.5
237,1554,1557,BUY,MEDIUM,0.7844,0.6866,517.95,514.6,35,-117.25,54.21,-171.46,False,75194.06,93178.04,93178.04
238,1568,1571,BUY,MEDIUM,0.5875,0.6428,519.53,519.15,35,-13.3,54.53,-67.83,False,74967.22,93110.21,93110.21
239,1572,1575,BUY,MEDIUM,0.9206,0.7152,513.55,501.75,36,-424.8,54.83,-479.63,False,74594.68,92630.59,92630.59
240,1580,1583,BUY,MEDIUM,0.6131,0.6486,485.5,479.15,38,-241.3,54.99,-296.29,False,74153.91,92334.3,92334.3
241,1587,1590,BUY,MEDIUM,0.4145,0.6022,470.45,455.55,39,-581.1,54.17,-635.27,False,73959.23,91699.03,91699.03
242,1597,1600,BUY,MEDIUM,0.4989,0.6222,487.78,480.83,37,-257.15,53.76,-310.91,False,73624.1,91388.12,91388.12
243,1600,1603,BUY,MEDIUM,0.6642,0.6602,480.83,492.33,37,425.5,54.01,371.49,True,73570.73,91759.61,91759.61
244,1607,1610,BUY,MEDIUM,0.6764,0.6629,499.88,502.33,36,88.2,54.12,34.08,True,73736.94,91793.69,91793.69
245,1611,1614,BUY,MEDIUM,0.5443,0.6328,506.08,494.23,36,-426.6,54.02,-480.62,False,73547.49,91313.08,91313.08
246,1618,1621,BUY,STRONG,1.1803,0.765,496.18,496.93,36,27.0,53.63,-26.63,False,73423.8,91286.45,91286.45
247,1622,1625,BUY,MEDIUM,0.5537,0.635,498.88,485.18,36,-493.2,53.14,-546.34,False,73299.83,90740.11,90740.11
248,1627,1630,BUY,MEDIUM,0.6379,0.6543,484.55,477.83,37,-248.64,53.41,-302.05,False,72784.87,90438.06,90438.06
249,1635,1638,BUY,MEDIUM,0.662,0.6597,476.35,471.08,37,-194.99,52.58,-247.57,False,72786.67,90190.49,90190.49
250,1638,1641,BUY,MEDIUM,0.4808,0.6179,471.08,458.38,38,-482.6,52.98,-535.58,False,72262.59,89654.91,89654.91
251,1641,1644,BUY,MEDIUM,0.9153,0.7141,458.38,467.63,39,360.75,54.17,306.58,True,71751.27,89961.49,89961.49
252,1649,1652,BUY,STRONG,2.1282,0.8936,492.18,506.05,36,499.32,53.9,445.42,True,72216.43,90406.9,90406.9
253,1655,1658,BUY,MEDIUM,0.5898,0.6433,506.8,506.2,35,-21.0,53.18,-74.18,False,72642.29,90332.72,90332.72
254,1662,1665,BUY,MEDIUM,0.4296,0.6058,515.6,503.9,34,-397.8,51.99,-449.79,False,72776.02,89882.92,89882.92
255,1665,1668,BUY,MEDIUM,0.5214,0.6275,503.9,517.4,35,472.5,53.62,418.88,True,72219.97,90301.81,90301.81
256,1674,1677,BUY,MEDIUM,0.57,0.6388,513.85,514.43,35,20.3,53.98,-33.68,False,72290.08,90268.12,90268.12
257,1678,1681,BUY,MEDIUM,0.5127,0.6254,517.58,511.13,34,-219.3,52.46,-271.76,False,72644.0,89996.36,89996.36
258,1691,1694,BUY,MEDIUM,0.8831,0.7075,461.33,461.85,38,19.76,52.62,-32.86,False,72439.52,89963.5,89963.5
259,1694,1697,BUY,STRONG,1.186,0.766,461.85,457.13,38,-179.36,52.38,-231.74,False,72386.87,89731.75,89731.75
260,1698,1701,BUY,MEDIUM,0.6965,0.6674,462.63,467.15,38,171.76,53.0,118.76,True,72125.44,89850.52,89850.52
261,1702,1705,BUY,STRONG,2.1091,0.8918,468.83,473.33,38,171.0,53.7,117.3,True,72008.25,89967.81,89967.81
262,1705,1708,BUY,MEDIUM,0.7489,0.6789,473.33,482.13,37,325.6,53.03,272.57,True,72428.33,90240.38,90240.38
263,1710,1713,BUY,STRONG,1.2051,0.7694,477.5,478.98,37,54.76,53.08,1.68,True,72546.38,90242.06,90242.06
264,1714,1717,BUY,MEDIUM,0.8124,0.6926,480.73,491.65,37,404.04,53.97,350.07,True,72428.37,90592.13,90592.13
265,1717,1720,BUY,STRONG,1.3367,0.792,491.65,498.1,36,232.2,53.45,178.75,True,72866.18,90770.89,90770.89
266,1722,1725,BUY,MEDIUM,0.9115,0.7133,485.7,489.68,37,147.26,54.13,93.13,True,72773.03,90864.01,90864.01
267,1725,1728,BUY,MEDIUM,0.8264,0.6956,489.68,474.3,37,-569.06,53.5,-622.56,False,72718.68,90241.45,90241.45
268,1734,1737,BUY,STRONG,1.826,0.8613,464.93,470.08,38,195.7,53.3,142.4,True,72547.61,90383.86,90383.86
269,1740,1743,BUY,STRONG,1.0046,0.732,462.35,475.95,39,530.4,54.89,475.51,True,72325.16,90859.37,90859.37
270,1746,1749,BUY,MEDIUM,0.6116,0.6483,473.5,487.68,38,538.84,54.79,484.05,True,72839.38,91343.42,91343.42
271,1750,1753,BUY,STRONG,1.0984,0.75,486.18,492.03,37,216.45,54.29,162.16,True,73327.78,91505.58,91505.58
272,1754,1757,BUY,STRONG,1.8219,0.8608,492.8,490.05,37,-101.75,54.55,-156.3,False,73244.63,91349.28,91349.28
273,1757,1760,BUY,MEDIUM,0.8301,0.6964,490.05,497.03,37,258.26,54.78,203.48,True,73190.23,91552.76,91552.76
274,1762,1765,BUY,MEDIUM,0.929,0.7169,498.68,496.68,36,-72.0,53.75,-125.75,False,73573.35,91427.01,91427.01
275,1768,1771,BUY,STRONG,1.1108,0.7523,484.13,490.63,37,240.5,54.1,186.4,True,73487.33,91613.41,91613.41
276,1776,1779,BUY,MEDIUM,0.4922,0.6206,461.63,446.4,39,-593.97,53.12,-647.09,False,73582.83,90966.32,90966.32
277,1781,1784,BUY,MEDIUM,0.4295,0.6058,470.5,457.48,38,-494.76,52.89,-547.65,False,73060.5,90418.66,90418.66
278,1784,1787,BUY,MEDIUM,0.743,0.6776,457.48,450.95,39,-254.67,53.14,-307.81,False,72550.18,90110.85,90110.85
279,1788,1791,BUY,MEDIUM,0.7551,0.6803,447.8,439.35,40,-338.0,53.23,-391.23,False,72171.98,89719.62,89719.62
280,1795,1798,BUY,STRONG,1.4334,0.8074,454.13,456.35,39,86.58,53.26,33.32,True,71981.98,89752.94,89752.94
281,1800,1803,BUY,STRONG,1.1087,0.7519,449.15,449.9,39,29.25,52.59,-23.34,False,72209.81,89729.59,89729.59
282,1804,1807,BUY,MEDIUM,0.7876,0.6873,448.0,449.8,39,70.2,52.52,17.68,True,72231.39,89747.27,89747.27
283,1810,1813,BUY,STRONG,1.2853,0.7834,461.95,463.65,38,64.6,52.76,11.84,True,72166.84,89759.11,89759.11
284,1816,1819,BUY,MEDIUM,0.9887,0.7288,465.25,463.25,38,-76.0,52.92,-128.92,False,72053.09,89630.19,89630.19
285,1827,1830,BUY,MEDIUM,0.5604,0.6365,463.33,476.15,38,487.16,53.55,433.61,True,71997.24,90063.8,90063.8
286,1830,1833,BUY,MEDIUM,0.6214,0.6505,476.15,475.98,37,-6.29,52.84,-59.13,False,72419.82,90004.67,90004.67
287,1835,1838,BUY,MEDIUM,0.7688,0.6833,475.9,480.28,37,162.06,53.07,108.99,True,72369.95,90113.66,90113.66
288,1838,1841,BUY,MEDIUM,0.5962,0.6448,480.28,495.63,37,567.95,54.16,513.79,True,72316.64,90627.44,90627.44
289,1842,1845,BUY,MEDIUM,0.6899,0.6659,504.78,491.35,35,-470.05,52.3,-522.35,False,72933.64,90105.1,90105.1
290,1849,1852,BUY,STRONG,1.6466,0.8384,492.18,500.93,36,315.0,53.63,261.37,True,72360.04,90366.47,90366.47
291,1858,1861,BUY,MEDIUM,0.576,0.6402,508.3,511.03,35,95.55,53.51,42.04,True,72549.28,90408.5,90408.5
292,1864,1867,BUY,MEDIUM,0.5572,0.6358,517.13,516.78,34,-11.9,52.73,-64.63,False,72799.71,90343.88,90343.88
293,1868,1871,BUY,STRONG,1.124,0.7547,514.85,506.0,35,-309.75,53.59,-363.34,False,72297.1,89980.53,89980.53
294,1871,1874,BUY,STRONG,1.2312,0.774,506.0,526.13,35,704.55,54.19,650.36,True,72243.97,90630.89,90630.89
295,1876,1879,BUY,STRONG,1.1401,0.7577,539.23,576.05,33,1215.06,55.21,1159.85,True,72809.61,91790.75,91790.75
296,1882,1885,BUY,MEDIUM,0.8372,0.6979,575.0,587.7,31,393.7,54.07,339.63,True,73939.01,92130.38,92130.38
297,1886,1889,BUY,MEDIUM,0.6459,0.6561,591.45,572.3,31,-593.65,54.11,-647.76,False,73767.93,91482.62,91482.62
298,1892,1895,BUY,MEDIUM,0.7655,0.6825,553.88,554.58,32,22.4,53.21,-30.81,False,73731.87,91451.81,91451.81
299,1896,1899,BUY,MEDIUM,0.7657,0.6826,551.4,564.03,33,416.79,55.21,361.58,True,73228.32,91813.39,91813.39
300,1902,1905,BUY,MEDIUM,0.8114,0.6924,573.7,569.3,31,-136.4,53.15,-189.55,False,74002.01,91623.84,91623.84
301,1907,1910,BUY,STRONG,1.0105,0.7331,586.3,575.68,31,-329.22,54.03,-383.25,False,73421.28,91240.59,91240.59
302,1915,1918,BUY,MEDIUM,0.9968,0.7304,591.9,585.95,30,-178.5,53.0,-231.5,False,73456.95,91009.08,91009.08
303,1918,1921,BUY,MEDIUM,0.739,0.6768,585.95,583.75,31,-68.2,54.39,-122.59,False,72817.39,90886.49,90886.49
304,1921,1924,BUY,MEDIUM,0.5321,0.63,583.75,577.63,31,-189.72,54.0,-243.72,False,72763.1,90642.77,90642.77
305,1931,1934,BUY,STRONG,1.6803,0.843,563.5,562.13,32,-43.84,54.03,-97.87,False,72583.72,90544.9,90544.9
306,1934,1937,BUY,MEDIUM,0.5521,0.6346,562.13,566.6,32,143.04,54.18,88.86,True,72529.76,90633.76,90633.76
307,1950,1953,BUY,MEDIUM,0.4931,0.6208,586.55,585.35,30,-36.0,52.74,-88.74,False,73010.86,90545.02,90545.02
308,1953,1956,BUY,STRONG,1.0062,0.7323,585.35,594.65,30,279.0,53.1,225.9,True,72958.18,90770.92,90770.92
309,1956,1959,BUY,STRONG,1.287,0.7836,594.65,591.45,30,-96.0,53.37,-149.37,False,72904.66,90621.55,90621.55
310,1959,1962,BUY,MEDIUM,0.6614,0.6596,591.45,596.93,30,164.4,53.48,110.92,True,72851.43,90732.47,90732.47
311,1962,1965,BUY,MEDIUM,0.5863,0.6425,596.93,614.15,30,516.6,54.5,462.1,True,72797.71,91194.57,91194.57
312,1965,1968,BUY,STRONG,1.1783,0.7646,614.15,605.85,29,-240.7,53.07,-293.77,False,73357.51,90900.8,90900.8
313,1968,1971,BUY,MEDIUM,0.494,0.621,605.85,619.7,29,401.65,53.31,348.34,True,73304.8,91249.14,91249.14
314,1971,1974,BUY,MEDIUM,0.4511,0.6109,619.7,626.23,29,189.37,54.2,135.17,True,73250.88,91384.31,91384.31
315,1976,1979,BUY,MEDIUM,0.8943,0.7098,631.2,619.85,28,-317.8,52.54,-370.34,False,73684.2,91013.97,91013.97
316,1994,1997,BUY,MEDIUM,0.7911,0.6881,642.0,650.7,28,243.6,54.29,189.31,True,73011.01,91203.28,91203.28
317,1999,2002,BUY,MEDIUM,0.5761,0.6402,647.18,663.95,28,469.56,55.07,414.49,True,73055.05,91617.77,91617.77
318,2010,2013,BUY,MEDIUM,0.8722,0.7052,686.73,677.03,26,-252.2,53.19,-305.39,False,73736.01,91312.38,91312.38
319,2023,2026,BUY,MEDIUM,0.4431,0.609,714.78,691.98,25,-570.0,52.75,-622.75,False,73416.08,90689.63,90689.63
320,2026,2029,BUY,STRONG,1.7105,0.8469,691.98,707.7,26,408.72,54.59,354.13,True,72671.16,91043.76,91043.76
321,2036,2039,BUY,MEDIUM,0.6992,0.668,729.9,730.85,24,22.8,52.59,-29.79,False,73499.88,91013.97,91013.97
322,2046,2049,BUY,MEDIUM,0.6128,0.6486,705.3,717.85,25,313.75,53.37,260.38,True,73355.03,91274.36,91274.36
323,2065,2068,BUY,MEDIUM,0.5166,0.6264,679.95,648.75,26,-811.2,51.82,-863.02,False,73569.14,90411.34,90411.34
324,2068,2071,BUY,MEDIUM,0.5043,0.6235,648.75,659.6,27,292.95,52.99,239.96,True,72868.81,90651.3,90651.3
325,2071,2074,BUY,MEDIUM,0.6701,0.6615,659.6,662.25,27,71.55,53.53,18.02,True,72815.38,90669.31,90669.31
326,2075,2078,BUY,MEDIUM,0.7327,0.6754,666.0,664.2,27,-48.6,53.87,-102.47,False,72660.34,90566.84,90566.84
327,2079,2082,BUY,MEDIUM,0.6674,0.6609,665.7,650.85,27,-400.95,53.32,-454.27,False,72565.98,90112.57,90112.57
328,2085,2088,BUY,STRONG,1.4649,0.8123,619.1,638.9,29,574.2,54.72,519.48,True,72131.74,90632.05,90632.05
329,2089,2092,BUY,STRONG,1.2698,0.7807,666.4,670.35,27,106.65,54.14,52.51,True,72612.26,90684.56,90684.56
330,2102,2105,BUY,STRONG,2.038,0.8847,694.4,667.05,26,-711.1,53.1,-764.2,False,72603.08,89920.36,89920.36
331,2105,2108,BUY,MEDIUM,0.8177,0.6937,667.05,644.05,26,-598.0,51.13,-649.13,False,72551.05,89271.23,89271.23
332,2109,2112,BUY,MEDIUM,0.5324,0.63,656.8,665.05,27,222.75,53.53,169.22,True,71511.03,89440.44,89440.44
333,2112,2115,BUY,MEDIUM,0.5459,0.6332,665.05,661.05,26,-104.0,51.72,-155.72,False,72123.21,89284.73,89284.73
334,2115,2118,BUY,MEDIUM,0.7765,0.6849,661.05,676.1,26,391.3,52.15,339.15,True,72071.65,89623.88,89623.88
335,2118,2121,BUY,STRONG,1.0786,0.7462,676.1,701.9,26,670.8,53.74,617.06,True,72018.91,90240.94,90240.94
336,2137,2140,BUY,MEDIUM,0.7702,0.6836,754.85,760.9,23,139.15,52.29,86.86,True,72853.34,90327.79,90327.79
337,2143,2146,BUY,MEDIUM,0.956,0.7223,754.9,741.05,23,-318.55,51.61,-370.16,False,72939.05,89957.63,89957.63
338,2156,2159,BUY,MEDIUM,0.4203,0.6036,732.5,712.35,24,-483.6,52.01,-535.61,False,72351.26,89422.02,89422.02
339,2160,2163,BUY,STRONG,1.0772,0.746,711.25,708.35,25,-72.5,53.24,-125.74,False,71614.1,89296.28,89296.28
340,2176,2179,BUY,MEDIUM,0.8299,0.6963,753.3,767.25,23,320.85,52.46,268.39,True,71944.39,89564.67,89564.67
341,2180,2183,BUY,MEDIUM,0.7474,0.6786,760.6,747.75,23,-295.55,52.04,-347.59,False,72044.63,89217.09,89217.09
342,2183,2186,BUY,MEDIUM,0.6655,0.6605,747.75,717.05,23,-706.1,50.54,-756.64,False,71993.04,88460.45,88460.45
343,2192,2195,BUY,STRONG,1.6715,0.8418,751.35,718.4,23,-757.85,50.71,-808.56,False,71153.48,87651.89,87651.89
344,2197,2200,BUY,MEDIUM,0.8235,0.695,719.35,719.7,24,8.4,51.81,-43.41,False,70361.6,87608.49,87608.49
345,2200,2203,BUY,MEDIUM,0.658,0.6588,719.7,733.1,24,321.6,52.3,269.3,True,70309.78,87877.79,87877.79
346,2204,2207,BUY,MEDIUM,0.8759,0.706,723.9,709.75,24,-339.6,51.61,-391.21,False,70478.13,87486.58,87486.58
347,2207,2210,BUY,MEDIUM,0.4411,0.6085,709.75,708.1,24,-39.6,51.04,-90.64,False,70427.02,87395.93,87395.93
348,2213,2216,BUY,STRONG,1.1619,0.7617,733.55,735.3,23,40.25,50.68,-10.43,False,70498.98,87385.51,87385.51
349,2225,2228,BUY,MEDIUM,0.5154,0.6261,750.15,750.2,23,1.15,51.76,-50.61,False,70106.18,87334.9,87334.9
350,2229,2232,BUY,MEDIUM,0.426,0.6049,745.5,730.55,23,-343.85,50.92,-394.77,False,70162.68,86940.12,86940.12
351,2232,2235,BUY,MEDIUM,0.5754,0.64,730.55,740.0,23,217.35,50.73,166.62,True,70112.27,87106.74,87106.74
352,2249,2252,BUY,STRONG,1.1777,0.7645,784.4,794.5,22,222.2,52.1,170.1,True,69824.05,87276.83,87276.83
353,2254,2257,BUY,MEDIUM,0.6926,0.6665,791.45,768.85,22,-497.2,51.49,-548.69,False,69838.82,86728.14,86728.14
354,2260,2263,BUY,STRONG,1.1484,0.7592,774.45,789.85,22,338.8,51.62,287.18,True,69664.69,87015.32,87015.32
355,2265,2268,BUY,MEDIUM,0.7862,0.687,774.8,792.75,22,394.9,51.73,343.17,True,69944.15,87358.49,87358.49
356,2268,2271,BUY,STRONG,2.1852,0.8989,792.75,802.2,22,207.9,52.63,155.27,True,69891.83,87513.76,87513.76
357,2271,2274,BUY,MEDIUM,0.5618,0.6369,802.2,802.5,21,6.3,50.55,-44.25,False,70642.29,87469.51,87469.51
358,2274,2277,BUY,MEDIUM,0.6032,0.6464,802.5,814.25,21,246.75,50.93,195.82,True,70591.73,87665.33,87665.33
359,2277,2280,BUY,STRONG,1.5608,0.8265,814.25,840.15,21,543.9,52.11,491.79,True,70540.43,88157.12,88157.12
360,2282,2285,BUY,MEDIUM,0.7463,0.6784,820.1,827.7,21,159.6,51.91,107.69,True,70909.19,88264.81,88264.81
361,2285,2288,BUY,STRONG,1.5167,0.8201,827.7,820.7,21,-147.0,51.92,-198.92,False,70857.04,88065.89,88065.89
362,2288,2291,BUY,MEDIUM,0.6051,0.6468,820.7,794.05,21,-559.65,50.86,-610.51,False,70805.34,87455.38,87455.38
363,2291,2294,BUY,STRONG,1.7616,0.8534,794.05,782.2,21,-248.85,49.65,-298.5,False,70755.31,87156.87,87156.87
364,2295,2298,BUY,STRONG,1.3344,0.7916,805.65,793.45,21,-256.2,50.37,-306.57,False,70212.85,86850.3,86850.3
365,2298,2301,BUY,MEDIUM,0.7846,0.6867,793.45,783.05,21,-218.4,49.66,-268.06,False,70162.86,86582.24,86582.24
366,2301,2304,BUY,MEDIUM,0.9251,0.7161,783.05,768.3,22,-324.5,51.19,-375.69,False,69329.3,86206.55,86206.55
367,2304,2307,BUY,STRONG,2.7186,0.9381,768.3,767.85,22,-9.9,50.69,-60.59,False,69278.59,86145.95,86145.95
368,2307,2310,BUY,MEDIUM,0.437,0.6075,767.85,635.35,22,-2915.0,46.31,-2961.31,False,69227.92,83184.65,83184.65
369,2311,2314,BUY,STRONG,2.0828,0.8892,637.45,660.6,26,601.9,50.62,551.28,True,66586.09,83735.93,83735.93
370,2317,2320,BUY,MEDIUM,0.4713,0.6157,709.0,720.1,23,255.3,49.3,206.0,True,67404.46,83941.92,83941.92
371,2324,2327,BUY,MEDIUM,0.7084,0.67,705.3,712.85,23,173.65,48.93,124.72,True,67695.69,84066.64,84066.64
372,2328,2331,BUY,MEDIUM,0.9519,0.7215,713.0,698.1,23,-342.7,48.68,-391.38,False,67643.05,83675.26,83675.26
373,2331,2334,BUY,MEDIUM,0.8349,0.6974,698.1,701.85,23,86.25,48.3,37.95,True,67594.88,83713.21,83713.21
374,2334,2337,BUY,MEDIUM,0.5125,0.6254,701.85,698.35,23,-80.5,48.31,-128.81,False,67546.45,83584.41,83584.41
375,2339,2342,BUY,MEDIUM,0.5617,0.6368,714.85,714.55,23,-6.9,49.31,-56.21,False,67118.19,83528.19,83528.19
376,2342,2345,BUY,MEDIUM,0.9762,0.7264,714.55,711.3,23,-74.75,49.19,-123.94,False,67068.89,83404.25,83404.25
377,2348,2351,BUY,STRONG,1.0381,0.7385,732.45,736.0,22,78.1,48.46,29.64,True,67266.18,83433.89,83433.89
378,2352,2355,BUY,MEDIUM,0.4668,0.6146,733.4,732.9,22,-11.0,48.39,-59.39,False,67274.89,83374.5,83374.5
379,2356,2359,BUY,MEDIUM,0.9454,0.7202,731.15,746.0,22,326.7,48.75,277.95,True,67265.08,83652.46,83652.46
380,2371,2374,BUY,MEDIUM,0.8705,0.7048,762.5,782.75,21,425.25,48.68,376.57,True,67615.94,84029.03,84029.03
381,2374,2377,BUY,MEDIUM,0.6803,0.6638,782.75,789.7,21,145.95,49.53,96.42,True,67566.63,84125.45,84125.45
382,2377,2380,BUY,MEDIUM,0.6573,0.6587,789.7,779.5,21,-214.2,49.43,-263.63,False,67516.87,83861.82,83861.82
383,2382,2385,BUY,MEDIUM,0.727,0.6741,787.85,777.3,21,-221.55,49.3,-270.85,False,67292.15,83590.97,83590.97
384,2388,2391,BUY,MEDIUM,0.8748,0.7057,781.05,789.45,21,176.4,49.47,126.93,True,67164.32,83717.9,83717.9
385,2395,2398,BUY,STRONG,1.0403,0.7389,795.85,777.85,21,-378.0,49.57,-427.57,False,66979.98,83290.33,83290.33
386,2398,2401,BUY,STRONG,1.4929,0.8165,777.85,747.0,21,-647.85,48.03,-695.88,False,66930.97,82594.44,82594.44
387,2406,2409,BUY,MEDIUM,0.468,0.6149,686.0,583.15,24,-2468.4,45.69,-2514.09,False,66105.75,80080.35,80080.35
388,2410,2413,BUY,MEDIUM,0.4476,0.6101,554.95,585.2,28,847.0,47.89,799.11,True,64518.45,80879.47,80879.47
389,2413,2416,BUY,MEDIUM,0.9925,0.7296,585.2,606.2,27,567.0,48.25,518.75,True,65055.37,81398.22,81398.22
390,2418,2421,BUY,MEDIUM,0.8991,0.7108,652.7,602.8,24,-1197.6,45.2,-1242.8,False,65709.92,80155.42,80155.42
391,2421,2424,BUY,MEDIUM,0.6642,0.6602,602.8,631.6,26,748.8,48.14,700.66,True,64459.11,80856.08,80856.08
392,2429,2432,BUY,STRONG,1.5864,0.8301,628.75,641.85,25,327.5,47.65,279.85,True,65113.75,81135.93,81135.93
393,2436,2439,BUY,STRONG,1.9887,0.8796,660.7,673.7,24,312.0,48.04,263.96,True,65255.34,81399.89,81399.89
394,2440,2443,BUY,MEDIUM,0.5685,0.6384,673.7,674.2,24,12.0,48.52,-36.52,False,65206.84,81363.37,81363.37
395,2443,2446,BUY,MEDIUM,0.4123,0.6016,674.2,694.15,24,478.8,49.26,429.54,True,65158.29,81792.91,81792.91
396,2459,2462,BUY,STRONG,1.051,0.741,708.1,703.55,23,-104.65,48.7,-153.35,False,65482.18,81639.55,81639.55
397,2463,2466,BUY,MEDIUM,0.4881,0.6197,720.85,703.95,22,-371.8,47.02,-418.82,False,65757.07,81220.74,81220.74
398,2470,2473,BUY,STRONG,1.3417,0.7928,703.65,703.7,23,1.15,48.55,-47.4,False,65012.51,81173.33,81173.33
399,2473,2476,BUY,MEDIUM,0.6997,0.6681,703.7,700.5,23,-73.6,48.44,-122.04,False,64963.95,81051.29,81051.29
400,2476,2479,BUY,STRONG,1.9492,0.8754,700.5,735.95,23,815.35,49.56,765.79,True,64915.62,81817.08,81817.08
401,2494,2497,BUY,MEDIUM,0.4731,0.6161,936.75,922.85,17,-236.3,47.42,-283.72,False,65868.44,81533.36,81533.36
402,2510,2513,BUY,MEDIUM,0.6791,0.6635,954.95,957.5,17,43.35,48.77,-5.42,False,65274.86,81527.94,81527.94
403,2515,2518,BUY,STRONG,1.3616,0.796,959.3,947.4,16,-190.4,45.76,-236.16,False,66156.12,81291.78,81291.78
404,2519,2522,BUY,STRONG,1.4176,0.805,938.1,935.25,17,-48.45,47.77,-96.22,False,65320.16,81195.56,81195.56
405,2532,2535,BUY,MEDIUM,0.8684,0.7044,945.7,1001.75,17,952.85,49.66,903.19,True,65094.55,82098.75,82098.75
406,2536,2539,BUY,MEDIUM,0.8044,0.6909,1011.0,1007.5,16,-56.0,48.44,-104.44,False,65898.49,81994.31,81994.31
407,2542,2545,BUY,MEDIUM,0.8456,0.6996,1011.45,1008.25,16,-51.2,48.47,-99.67,False,65786.83,81894.63,81894.63
408,2547,2550,BUY,STRONG,1.0536,0.7415,1048.7,1093.7,15,675.0,48.2,626.8,True,66140.54,82521.43,82521.43
409,2550,2553,BUY,MEDIUM,0.582,0.6415,1093.7,1157.8,15,961.5,50.66,910.84,True,66091.32,83432.27,83432.27
410,2555,2558,BUY,STRONG,1.188,0.7664,1108.25,1137.5,15,438.75,50.53,388.22,True,66783.59,83820.49,83820.49
411,2570,2573,BUY,MEDIUM,0.6784,0.6634,1104.0,1091.05,15,-194.25,49.39,-243.64,False,67235.65,83576.85,83576.85
412,2576,2579,BUY,STRONG,1.1989,0.7683,1124.2,1110.55,14,-191.1,46.93,-238.03,False,67814.44,83338.82,83338.82
413,2581,2584,BUY,STRONG,1.378,0.7987,1103.35,1115.65,15,184.5,49.93,134.57,True,66763.75,83473.4,83473.4
414,2584,2587,BUY,STRONG,1.3626,0.7962,1115.65,1137.85,14,310.8,47.32,263.48,True,67830.87,83736.87,83736.87
415,2589,2592,BUY,MEDIUM,0.7839,0.6865,1126.45,1153.35,14,376.6,47.88,328.72,True,67942.92,84065.6,84065.6
416,2592,2595,BUY,STRONG,1.0108,0.7332,1153.35,1163.2,14,137.9,48.65,89.25,True,67894.48,84154.85,84154.85
417,2607,2610,BUY,MEDIUM,0.926,0.7163,1246.8,1288.25,13,538.85,49.43,489.42,True,67922.14,84644.27,84644.27
418,2610,2613,BUY,MEDIUM,0.6136,0.6488,1288.25,1262.15,13,-339.3,49.73,-389.03,False,67871.89,84255.23,84255.23
419,2618,2621,BUY,MEDIUM,0.6904,0.6661,1370.5,1316.65,12,-646.2,48.37,-694.57,False,67784.56,83560.66,83560.66
420,2621,2624,BUY,MEDIUM,0.9239,0.7158,1316.65,1340.85,12,290.4,47.84,242.56,True,67737.16,83803.23,83803.23
421,2627,2630,BUY,STRONG,1.2598,0.779,1276.2,1271.25,13,-64.35,49.68,-114.03,False,67187.74,83689.2,83689.2
422,2632,2635,BUY,MEDIUM,0.8704,0.7048,1279.35,1305.55,13,340.6,50.41,290.19,True,67032.71,83979.4,83979.4
423,2635,2638,BUY,MEDIUM,0.463,0.6137,1305.55,1309.8,12,51.0,47.08,3.92,True,68289.3,83983.32,83983.32
424,2638,2641,BUY,MEDIUM,0.8775,0.7063,1309.8,1281.3,12,-342.0,46.64,-388.64,False,68242.15,83594.68,83594.68
425,2641,2644,BUY,MEDIUM,0.9084,0.7127,1281.3,1265.2,13,-209.3,49.66,-258.96,False,66912.8,83335.73,83335.73
426,2649,2652,BUY,STRONG,1.2781,0.7821,1267.0,1330.35,13,823.55,50.65,772.9,True,66840.02,84108.63,84108.63
427,2652,2655,BUY,STRONG,1.4797,0.8145,1330.35,1345.55,12,182.4,48.17,134.23,True,68120.48,84242.86,84242.86
428,2664,2667,BUY,MEDIUM,0.5643,0.6374,1371.55,1336.2,12,-424.2,48.74,-472.94,False,67759.57,83769.92,83769.92
429,2674,2677,BUY,MEDIUM,0.555,0.6353,1439.85,1397.15,11,-469.7,46.81,-516.51,False,67907.81,83253.41,83253.41
430,2681,2684,BUY,MEDIUM,0.52,0.6272,1351.35,1343.55,12,-93.6,48.51,-142.11,False,67012.89,83111.3,83111.3
431,2684,2687,BUY,MEDIUM,0.5936,0.6442,1343.55,1356.35,12,153.6,48.6,105.0,True,66964.52,83216.3,83216.3
432,2687,2690,BUY,STRONG,1.2117,0.7706,1356.35,1329.4,12,-323.4,48.34,-371.74,False,66915.69,82844.56,82844.56
433,2691,2694,BUY,STRONG,1.2936,0.7848,1341.5,1339.55,12,-23.4,48.26,-71.66,False,66722.41,82772.9,82772.9
434,2694,2697,BUY,MEDIUM,0.9949,0.73,1339.55,1316.4,12,-277.8,47.81,-325.61,False,66674.19,82447.29,82447.29
435,2702,2705,BUY,MEDIUM,0.9397,0.719,1354.5,1397.25,12,513.0,49.53,463.47,True,66168.91,82910.76,82910.76
436,2706,2709,BUY,STRONG,1.5172,0.8201,1402.25,1387.2,11,-165.55,46.03,-211.58,False,67462.88,82699.19,82699.19
437,2717,2720,BUY,STRONG,1.0017,0.7314,1446.9,1480.6,11,370.7,48.3,322.4,True,66759.41,83021.58,83021.58
438,2725,2728,BUY,MEDIUM,0.4812,0.618,1503.15,1571.8,11,755.15,50.74,704.41,True,66462.13,83726.0,83726.0
439,2731,2734,BUY,MEDIUM,0.8281,0.6959,1560.4,1562.2,10,18.0,46.84,-28.84,False,68098.59,83697.16,83697.16
440,2734,2737,BUY,STRONG,1.1155,0.7532,1562.2,1562.9,10,7.0,46.88,-39.88,False,68051.73,83657.28,83657.28
441,2737,2740,BUY,MEDIUM,0.8609,0.7028,1562.9,1576.9,10,140.0,47.1,92.9,True,68004.84,83750.18,83750.18
442,2740,2743,BUY,STRONG,1.0908,0.7485,1576.9,1541.7,10,-352.0,46.78,-398.78,False,67957.53,83351.41,83351.41
443,2748,2751,BUY,MEDIUM,0.4791,0.6175,1602.55,1610.5,10,79.5,48.2,31.3,True,67301.87,83382.71,83382.71
444,2751,2754,BUY,STRONG,1.8982,0.8697,1610.5,1649.25,10,387.5,48.9,338.6,True,67253.55,83721.31,83721.31
445,2754,2757,BUY,MEDIUM,0.7892,0.6877,1649.25,1663.3,10,140.5,49.69,90.81,True,67204.07,83812.13,83812.13
446,2757,2760,BUY,STRONG,1.3618,0.7961,1663.3,1689.6,10,263.0,50.29,212.71,True,67154.18,84024.83,84024.83
447,2769,2772,BUY,STRONG,1.9139,0.8715,1727.7,1706.45,9,-191.25,46.36,-237.61,False,68452.21,83787.22,83787.22
448,2773,2776,BUY,MEDIUM,0.6222,0.6507,1677.75,1730.4,9,473.85,46.01,427.84,True,68664.82,84215.06,84215.06
449,2777,2780,BUY,STRONG,1.5291,0.8219,1706.65,1691.9,9,-132.75,45.88,-178.63,False,68832.17,84036.43,84036.43
450,2781,2784,BUY,STRONG,1.3104,0.7876,1686.15,1691.3,9,46.35,45.6,0.75,True,68838.32,84037.18,84037.18
451,2785,2788,BUY,MEDIUM,0.6575,0.6587,1687.85,1742.55,9,492.3,46.31,445.99,True,68823.75,84483.17,84483.17
452,2788,2791,BUY,STRONG,1.1328,0.7563,1742.55,1687.1,9,-499.05,46.3,-545.35,False,68776.7,83937.82,83937.82
453,2791,2794,BUY,MEDIUM,0.5426,0.6324,1687.1,1665.15,9,-197.55,45.26,-242.81,False,68731.15,83695.02,83695.02
454,2794,2797,BUY,MEDIUM,0.6282,0.6521,1665.15,1673.55,10,84.0,50.08,33.92,True,67018.54,83728.94,83728.94
455,2799,2802,BUY,MEDIUM,0.499,0.6222,1723.85,1709.2,9,-131.85,46.35,-178.2,False,68191.02,83550.74,83550.74
456,2802,2805,BUY,STRONG,1.0083,0.7327,1709.2,1822.15,9,1016.55,47.67,968.88,True,68144.87,84519.62,84519.62
457,2813,2816,BUY,MEDIUM,0.5236,0.628,1667.75,1702.5,10,347.5,50.55,296.95,True,67817.1,84816.57,84816.57
458,2817,2820,BUY,MEDIUM,0.6068,0.6472,1708.7,1740.15,9,283.05,46.56,236.49,True,69415.2,85053.06,85053.06
459,2830,2833,BUY,MEDIUM,0.8547,0.7016,1722.4,1712.65,9,-87.75,46.37,-134.12,False,69528.2,84918.93,84918.93
460,2841,2844,BUY,MEDIUM,0.6973,0.6676,1759.25,1734.2,9,-225.45,47.16,-272.61,False,69061.93,84646.32,84646.32
461,2848,2851,BUY,STRONG,1.5479,0.8246,1811.6,1863.5,9,467.1,49.61,417.49,True,68317.46,85063.81,85063.81
462,2851,2854,BUY,STRONG,1.7757,0.8552,1863.5,1885.55,9,198.45,50.61,147.84,True,68267.15,85211.64,85211.64
463,2855,2858,BUY,STRONG,1.279,0.7823,1892.85,1899.15,8,50.4,45.5,4.9,True,70046.13,85216.54,85216.54
464,2858,2861,BUY,STRONG,1.4926,0.8165,1899.15,1814.3,8,-678.8,44.56,-723.36,False,70000.55,84493.18,84493.18
465,2864,2867,BUY,MEDIUM,0.7659,0.6826,1877.45,1939.5,8,496.4,45.8,450.6,True,69451.05,84943.78,84943.78
466,2880,2883,BUY,STRONG,1.8848,0.8682,1741.1,1737.3,9,-34.2,46.96,-81.16,False,69250.37,84862.62,84862.62
467,2883,2886,BUY,MEDIUM,0.9906,0.7292,1737.3,1682.2,9,-495.9,46.16,-542.06,False,69203.46,84320.55,84320.55
468,2887,2890,BUY,MEDIUM,0.7581,0.6809,1738.25,1706.95,9,-281.7,46.51,-328.21,False,68652.84,83992.34,83992.34
469,2911,2914,BUY,MEDIUM,0.9438,0.7199,1872.4,1873.9,8,12.0,44.96,-32.96,False,68990.68,83959.39,83959.39
470,2919,2922,BUY,STRONG,1.0056,0.7322,1882.95,1811.0,8,-575.6,44.33,-619.93,False,68873.19,83339.46,83339.46
471,2922,2925,BUY,STRONG,1.3383,0.7922,1811.0,1742.45,9,-616.95,47.97,-664.92,False,67016.01,82674.54,82674.54
472,2927,2930,BUY,STRONG,1.2502,0.7773,1621.4,1618.8,10,-26.0,48.6,-74.6,False,66436.22,82599.94,82599.94
473,2938,2941,BUY,MEDIUM,0.8907,0.709,1535.55,1570.35,10,348.0,46.59,301.41,True,67221.4,82901.35,82901.35
474,2941,2944,BUY,MEDIUM,0.8252,0.6953,1570.35,1508.8,10,-615.5,46.19,-661.69,False,67174.29,82239.66,82239.66
475,2944,2947,BUY,STRONG,1.4401,0.8085,1508.8,1518.45,10,96.5,45.41,51.09,True,67129.03,82290.75,82290.75
476,2947,2950,BUY,MEDIUM,0.7926,0.6884,1518.45,1455.15,10,-633.0,44.6,-677.6,False,67083.48,81613.15,81613.15
477,2964,2967,BUY,MEDIUM,0.8975,0.7104,1515.0,1440.55,10,-744.5,44.33,-788.83,False,66440.42,80824.31,80824.31
478,2975,2978,BUY,MEDIUM,0.683,0.6644,1441.1,1463.25,11,243.65,47.92,195.73,True,64948.44,81020.04,81020.04
479,2978,2981,BUY,STRONG,2.1083,0.8917,1463.25,1488.0,11,272.25,48.7,223.55,True,64900.15,81243.6,81243.6
480,2989,2992,BUY,MEDIUM,0.6715,0.6618,1428.85,1484.15,11,608.3,48.06,560.24,True,65502.67,81803.83,81803.83
481,2992,2995,BUY,MEDIUM,0.5939,0.6442,1484.15,1506.3,11,243.65,49.34,194.31,True,65453.69,81998.14,81998.14
482,3002,3005,BUY,MEDIUM,0.8289,0.6961,1543.6,1616.65,10,730.5,47.4,683.1,True,66538.99,82681.24,82681.24
483,3005,3008,BUY,STRONG,1.8114,0.8595,1616.65,1619.95,10,33.0,48.55,-15.55,False,66490.49,82665.69,82665.69
484,3008,3011,BUY,STRONG,1.2934,0.7847,1619.95,1606.25,10,-137.0,48.39,-185.39,False,66441.89,82480.29,82480.29
485,3011,3014,BUY,MEDIUM,0.4551,0.6119,1606.25,1575.65,10,-306.0,47.73,-353.73,False,66393.7,82126.57,82126.57
486,3017,3020,BUY,STRONG,1.2797,0.7824,1518.15,1492.95,10,-252.0,45.17,-297.17,False,66922.29,81829.4,81829.4
487,3026,3029,BUY,MEDIUM,0.4968,0.6217,1475.9,1544.95,11,759.55,49.84,709.71,True,65570.15,82539.11,82539.11
488,3033,3036,BUY,MEDIUM,0.9996,0.731,1390.3,1367.95,11,-245.85,45.51,-291.36,False,67222.87,82247.74,82247.74
489,3040,3043,BUY,MEDIUM,0.6985,0.6679,1394.7,1393.75,11,-10.45,46.01,-56.46,False,66883.03,82191.29,82191.29
490,3043,3046,BUY,MEDIUM,0.4532,0.6114,1393.75,1451.2,11,631.95,46.94,585.01,True,66837.04,82776.29,82776.29
491,3046,3049,BUY,MEDIUM,0.5722,0.6393,1451.2,1428.7,11,-247.5,47.52,-295.02,False,66789.15,82481.28,82481.28
492,3049,3052,BUY,MEDIUM,0.837,0.6978,1428.7,1489.95,11,673.75,48.16,625.59,True,66742.0,83106.87,83106.87
493,3052,3055,BUY,MEDIUM,0.514,0.6257,1489.95,1500.9,11,120.45,49.35,71.1,True,66692.83,83177.97,83177.97
494,3057,3060,BUY,STRONG,1.1436,0.7583,1517.85,1513.25,10,-46.0,45.47,-91.47,False,67976.7,83086.5,83086.5
495,3062,3065,BUY,MEDIUM,0.7886,0.6875,1573.0,1514.0,10,-590.0,46.31,-636.31,False,67332.91,82450.2,82450.2
496,3069,3072,BUY,MEDIUM,0.4711,0.6156,1570.1,1602.8,10,327.0,47.59,279.41,True,66725.65,82729.6,82729.6
497,3072,3075,BUY,MEDIUM,0.5449,0.6329,1602.8,1568.2,10,-346.0,47.57,-393.57,False,66677.56,82336.04,82336.04
498,3079,3082,BUY,MEDIUM,0.4125,0.6017,1635.65,1634.95,10,-7.0,49.06,-56.06,False,65955.0,82279.98,82279.98
499,3082,3085,BUY,STRONG,1.3163,0.7886,1634.95,1639.75,10,48.0,49.12,-1.12,False,65905.96,82278.86,82278.86
500,3086,3089,BUY,MEDIUM,0.7863,0.687,1612.9,1569.3,10,-436.0,47.73,-483.73,False,66125.67,81795.13,81795.13
501,3101,3104,BUY,MEDIUM,0.5665,0.638,1514.85,1508.2,10,-66.5,45.35,-111.85,False,66623.9,81683.28,81683.28
502,3104,3107,BUY,MEDIUM,0.9214,0.7153,1508.2,1494.8,10,-134.0,45.05,-179.05,False,66578.66,81504.24,81504.24
503,3109,3112,BUY,STRONG,1.1703,0.7632,1448.5,1471.25,11,250.25,48.18,202.07,True,65546.83,81706.31,81706.31
504,3113,3116,BUY,MEDIUM,0.6196,0.6501,1480.6,1539.5,11,647.9,49.83,598.07,True,65395.28,82304.38,82304.38
505,3116,3119,BUY,STRONG,2.2395,0.9037,1539.5,1525.55,10,-139.5,45.98,-185.48,False,66886.29,82118.9,82118.9
506,3121,3124,BUY,STRONG,1.4005,0.8023,1551.9,1538.8,10,-131.0,46.36,-177.36,False,66576.62,81941.54,81941.54
507,3124,3127,BUY,STRONG,1.8763,0.8672,1538.8,1583.75,10,449.5,46.84,402.66,True,66530.46,82344.2,82344.2
508,3127,3130,BUY,MEDIUM,0.8957,0.7101,1583.75,1562.4,10,-213.5,47.19,-260.69,False,66482.95,82083.51,82083.51
509,3131,3134,BUY,MEDIUM,0.6496,0.6569,1590.5,1567.45,10,-230.5,47.37,-277.87,False,66154.65,81805.64,81805.64
510,3135,3138,BUY,STRONG,1.0279,0.7365,1593.25,1583.8,10,-94.5,47.66,-142.16,False,65849.24,81663.49,81663.49
511,3139,3142,BUY,MEDIUM,0.8747,0.7057,1592.45,1550.7,10,-417.5,47.15,-464.65,False,65715.1,81198.84,81198.84
512,3159,3162,BUY,MEDIUM,0.9736,0.7258,1390.7,1380.65,11,-110.55,45.73,-156.28,False,65878.19,81042.56,81042.56
513,3162,3165,BUY,MEDIUM,0.7631,0.682,1380.65,1383.55,11,31.9,45.61,-13.71,False,65832.63,81028.85,81028.85
514,3165,3168,BUY,MEDIUM,0.6464,0.6562,1383.55,1423.55,11,440.0,46.32,393.68,True,65786.97,81422.53,81422.53
515,3169,3172,BUY,MEDIUM,0.7788,0.6854,1421.9,1428.3,11,70.4,47.03,23.37,True,65758.17,81445.91,81445.91
516,3177,3180,BUY,STRONG,1.1976,0.7681,1223.4,1224.9,13,19.5,47.74,-28.24,False,65517.85,81417.66,81417.66
517,3185,3188,BUY,MEDIUM,0.6609,0.6595,1269.15,1265.6,12,-42.6,45.63,-88.23,False,66165.02,81329.44,81329.44
518,3200,3203,BUY,MEDIUM,0.7335,0.6756,1298.65,1314.4,12,189.0,47.03,141.97,True,65722.26,81471.4,81471.4
519,3205,3208,BUY,MEDIUM,0.6823,0.6642,1318.3,1304.5,12,-165.6,47.21,-212.81,False,65628.07,81258.59,81258.59
520,3208,3211,BUY,MEDIUM,0.5451,0.633,1304.5,1282.8,12,-260.4,46.57,-306.97,False,65581.11,80951.62,80951.62
521,3240,3243,BUY,MEDIUM,0.6928,0.6666,1449.5,1334.6,11,-1263.9,45.94,-1309.84,False,64983.21,79641.78,79641.78
522,3256,3259,BUY,MEDIUM,0.4912,0.6204,1371.85,1411.55,11,436.7,45.93,390.77,True,64528.8,80032.56,80032.56
523,3260,3263,BUY,MEDIUM,0.5513,0.6344,1388.8,1407.95,11,210.65,46.15,164.5,True,64732.84,80197.06,80197.06
524,3263,3266,BUY,STRONG,1.2948,0.785,1407.95,1415.65,11,84.7,46.59,38.11,True,64686.38,80235.17,80235.17
525,3266,3269,BUY,STRONG,1.0081,0.7326,1415.65,1435.45,11,217.8,47.04,170.76,True,64639.66,80405.93,80405.93
526,3269,3272,BUY,MEDIUM,0.674,0.6624,1435.45,1478.9,11,477.95,48.09,429.86,True,64592.29,80835.79,80835.79
527,3273,3276,BUY,MEDIUM,0.9497,0.721,1477.45,1476.45,10,-10.0,44.31,-54.31,False,66039.13,80781.48,80781.48
528,3282,3285,BUY,MEDIUM,0.5928,0.644,1490.25,1474.15,10,-161.0,44.47,-205.47,False,65856.63,80576.02,80576.02
529,3289,3292,BUY,STRONG,1.3048,0.7866,1435.45,1463.45,11,308.0,47.83,260.17,True,64762.38,80836.19,80836.19
530,3292,3295,BUY,MEDIUM,0.4082,0.6007,1463.45,1495.15,11,348.7,48.82,299.88,True,64714.09,81136.07,81136.07
531,3295,3298,BUY,STRONG,1.191,0.7669,1495.15,1431.15,10,-640.0,43.89,-683.89,False,66162.14,80452.18,80452.18
532,3300,3303,BUY,STRONG,1.7773,0.8554,1442.45,1427.25,11,-167.2,47.35,-214.55,False,64561.42,80237.63,80237.63
533,3310,3313,BUY,MEDIUM,0.9802,0.7272,1354.15,1403.3,11,540.65,45.5,495.15,True,65319.63,80732.78,80732.78
534,3313,3316,BUY,MEDIUM,0.7824,0.6862,1403.3,1374.8,11,-313.5,45.84,-359.34,False,65273.32,80373.44,80373.44
535,3317,3320,BUY,MEDIUM,0.7863,0.687,1368.85,1410.5,11,458.15,45.86,412.29,True,65293.5,80785.73,80785.73
536,3324,3327,BUY,MEDIUM,0.8188,0.694,1439.0,1437.4,11,-17.6,47.46,-65.06,False,64932.99,80720.67,80720.67
537,3327,3330,BUY,MEDIUM,0.5305,0.6296,1437.4,1455.15,11,195.25,47.73,147.52,True,64885.55,80868.19,80868.19
538,3334,3337,BUY,MEDIUM,0.5885,0.643,1474.3,1488.5,10,142.0,44.44,97.56,True,66103.08,80965.75,80965.75
539,3357,3360,BUY,MEDIUM,0.4965,0.6216,1529.3,1612.75,10,834.5,47.13,787.37,True,65649.81,81753.12,81753.12
540,3364,3367,BUY,MEDIUM,0.4885,0.6198,1642.6,1642.15,9,-4.05,44.34,-48.39,False,66947.54,81704.72,81704.72
541,3367,3370,BUY,MEDIUM,0.4685,0.615,1642.15,1656.6,9,130.05,44.53,85.52,True,66903.21,81790.24,81790.24
542,3371,3374,BUY,STRONG,1.0859,0.7476,1651.45,1693.35,9,377.1,45.15,331.95,True,66904.9,82122.19,82122.19
543,3374,3377,BUY,STRONG,1.7781,0.8555,1693.35,1693.75,9,3.6,45.73,-42.13,False,66859.18,82080.06,82080.06
544,3377,3380,BUY,MEDIUM,0.7024,0.6687,1693.75,1680.1,9,-122.85,45.55,-168.4,False,66813.45,81911.66,81911.66
545,3381,3384,BUY,STRONG,1.1261,0.7551,1684.55,1701.65,9,153.9,45.71,108.19,True,66727.97,82019.85,82019.85
546,3384,3387,BUY,MEDIUM,0.9229,0.7156,1701.65,1655.55,9,-414.9,45.32,-460.22,False,66682.03,81559.63,81559.63
547,3389,3392,BUY,MEDIUM,0.9969,0.7305,1676.85,1671.25,9,-50.4,45.2,-95.6,False,66445.34,81464.03,81464.03
548,3393,3396,BUY,MEDIUM,0.6191,0.65,1673.9,1637.2,9,-330.3,44.7,-375.0,False,66376.33,81089.03,81089.03
549,3398,3401,BUY,MEDIUM,0.4443,0.6093,1617.55,1612.95,10,-46.0,48.46,-94.46,False,64889.27,80994.57,80994.57
550,3401,3404,BUY,STRONG,1.141,0.7579,1612.95,1634.0,10,210.5,48.7,161.8,True,64840.88,81156.37,81156.37
551,3404,3407,BUY,MEDIUM,0.9032,0.7116,1634.0,1554.95,9,-711.45,43.05,-754.5,False,66428.31,80401.87,80401.87
552,3407,3410,BUY,STRONG,1.2387,0.7753,1554.95,1492.65,10,-623.0,45.71,-668.71,False,64829.04,79733.15,79733.15
553,3412,3415,BUY,MEDIUM,0.48,0.6177,1498.05,1480.65,10,-174.0,44.68,-218.68,False,64730.18,79514.47,79514.47
554,3416,3419,BUY,MEDIUM,0.7679,0.6831,1486.7,1494.85,10,81.5,44.72,36.78,True,64625.17,79551.25,79551.25
555,3420,3423,BUY,MEDIUM,0.4262,0.605,1506.8,1414.45,10,-923.5,43.82,-967.32,False,64460.65,78583.93,78583.93
556,3424,3427,BUY,MEDIUM,0.9127,0.7136,1419.25,1442.4,11,254.65,47.22,207.43,True,62948.76,78791.36,78791.36
557,3431,3434,BUY,MEDIUM,0.5969,0.6449,1434.75,1416.3,10,-184.5,42.77,-227.27,False,64422.34,78564.1,78564.1
558,3434,3437,BUY,STRONG,1.2297,0.7738,1416.3,1427.3,11,121.0,46.92,74.08,True,62961.43,78638.18,78638.18
559,3439,3442,BUY,MEDIUM,0.7597,0.6813,1424.9,1419.95,11,-54.45,46.94,-101.39,False,62940.77,78536.79,78536.79
560,3448,3451,BUY,MEDIUM,0.8462,0.6998,1472.4,1467.05,10,-53.5,44.09,-97.59,False,63790.7,78439.2,78439.2
561,3454,3457,BUY,MEDIUM,0.8832,0.7075,1406.9,1430.1,11,255.2,46.81,208.39,True,62940.08,78647.59,78647.59
562,3460,3463,BUY,MEDIUM,0.5748,0.6399,1499.75,1493.95,10,-58.0,44.91,-102.91,False,63627.59,78544.68,78544.68
563,3466,3469,BUY,MEDIUM,0.8783,0.7065,1511.35,1527.15,10,158.0,45.58,112.42,True,63408.51,78657.1,78657.1
564,3474,3477,BUY,MEDIUM,0.6722,0.662,1590.8,1650.65,9,538.65,43.76,494.89,True,64318.43,79151.99,79151.99
565,3480,3483,BUY,MEDIUM,0.6695,0.6614,1657.15,1711.75,9,491.4,45.48,445.92,True,64215.27,79597.91,79597.91
566,3483,3486,BUY,MEDIUM,0.5304,0.6296,1711.75,1758.05,9,416.7,46.84,369.86,True,64169.05,79967.77,79967.77
567,3491,3494,BUY,STRONG,1.3889,0.8004,1824.85,1877.15,8,418.4,44.42,373.98,True,65347.07,80341.75,80341.75
568,3494,3497,BUY,STRONG,1.3493,0.794,1877.15,1821.2,8,-447.6,44.38,-491.98,False,65302.02,79849.77,79849.77
569,3499,3502,BUY,STRONG,1.1377,0.7573,1751.1,1770.75,9,176.85,47.54,129.31,True,64066.23,79979.07,79979.07
570,3514,3517,BUY,MEDIUM,0.4948,0.6212,1939.1,1964.5,8,203.2,46.84,156.36,True,64443.0,80135.43,80135.43
571,3522,3525,BUY,MEDIUM,0.558,0.636,1894.65,1950.45,8,446.4,46.14,400.26,True,64955.49,80535.69,80535.69
572,3528,3531,BUY,MEDIUM,0.8632,0.7033,1952.55,1905.75,8,-374.4,46.3,-420.7,False,64891.86,80114.99,80114.99
573,3539,3542,BUY,STRONG,1.1083,0.7518,1893.4,1948.55,8,441.2,46.1,395.1,True,64945.07,80510.08,80510.08
574,3542,3545,BUY,STRONG,1.1908,0.7669,1948.55,1935.1,8,-107.6,46.6,-154.2,False,64898.3,80355.88,80355.88
575,3551,3554,BUY,STRONG,1.3959,0.8015,1852.75,1863.35,8,84.8,44.59,40.21,True,65511.65,80396.09,80396.09
576,3556,3559,BUY,MEDIUM,0.6339,0.6534,1865.35,1757.25,8,-864.8,43.47,-908.27,False,65450.9,79487.82,79487.82
